Set,Champion,Cost,Max Mana,Dmg score,Role,Archetype 1,Archetype 2,Current Summary,Why these tags,Your call
S9,Kayle,1,0,135,Marksman,AOE,Shred,Scaling Auto Attacker,collision Pierce-All,
S9,Poppy,1,90,240,Tank,Shield,Single-Target,Shield Tank,collision Target-Only; dmg 240 < 300,
S9,Galio,2,110,300,Tank,AOE,Heal,AOE Damage Tank,collision Area; dmg 300 >= 300,
S9,Garen,3,80,57,Fighter,AOE,—,Beyblade Juggernaut,collision Area; dmg 57 < 300,
S9,Sona,3,80,255,Mage,Utility,AOE,AOE Spell Support,collision Pierce-All,
S9,Jarvan IV,4,180,210,Tank,AOE,Crowd Control,AOE Stun Tank,collision Area; dmg 210 < 300,
S9,Lux,4,40,1100,Mage,Spell Spammer,Shred,Laser Spell Spammer,"mage, max mana 40 <= 60; collision Target-Only",
S9,Cassiopeia,1,30,240,Mage,Spell Spammer,Single-Target,Single-Target Spell Spammer,"mage, max mana 30 <= 60; collision Target-Only",
S9,Samira,1,30,86,Marksman,Shred,Single-Target,Single-Target Shred Marksman,collision First-Hit,
S9,Kled,2,175,0,Tank,—,—,AA Juggernaut,dmg 0 < 300,
S9,Swain,2,135,200,Tank,AOE,—,Transforming AOE Tank,collision Area; dmg 200 < 300,
S9,Darius,3,90,308,Fighter,—,—,Executing Melee Carry,dmg 308 >= 300,
S9,Katarina,3,80,220,Assassin,AOE,—,AOE Wound Assassin,collision Area,
S9,Sion,5,160,164,Tank,AOE,Crowd Control,Charging Stun Tank,collision Pierce-All; dmg 164 < 300,
S9,Irelia,1,80,200,Tank,AOE,Shield,Decaying Shield Tank,collision Area/Pierce-All; dmg 200 < 300,
S9,Jhin,1,114,402,Marksman,AOE,—,Falloff Line Carry,collision Pierce-All,
S9,Sett,2,110,270,Tank,AOE,Crowd Control,Grab-and-Slam Stun Tank,collision Flank-Pair; dmg 270 < 300,
S9,Zed,2,70,234,Assassin,AOE,Summoner,Shadow Twin Assassin,collision Area,
S9,Karma,3,50,300,Mage,Spell Spammer,AOE,Burst Spell Spammer,"mage, max mana 50 <= 60; collision Area/First-Hit",
S9,Shen,4,170,360,Tank,AOE,Shield,Ally-Shielding Burst Tank,collision Area; dmg 360 >= 300,
S9,Yasuo,4,110,685,Assassin,AOE,Heal,Whirlwind Dash Carry,collision Area/Pierce-All,
S9,Ahri,5,50,540,Mage,Spell Spammer,AOE,Essence-Steal Spell Carry,"mage, max mana 50 <= 60; collision Area/Pierce-All",
S9,Renekton,1,110,270,Tank,AOE,Heal,Healing AOE Bruiser,collision Area; dmg 270 < 300,
S9,Taliyah,2,60,510,Mage,Spell Spammer,Crowd Control,Knock-up Punisher Mage,"mage, max mana 60 <= 60; collision First-Hit/Target-Only",
S9,Akshan,3,110,110,Marksman,Snipe Backline,Single-Target,Multi-shot Deadeye,collision First-Hit,
S9,Azir,4,50,230,Marksman,Summoner,Single-Target,Sand Soldier Summoner,collision Target-Only,
S9,Nasus,4,150,228,Tank,Shred,On-Hit,Stat-Stealing Juggernaut,dmg 228 < 300,
S9,K'Sante,5,70,800,Tank,AOE,Heal,Knockback Slam Tank,collision Pierce-All; dmg 800 >= 300,
S9,Ashe,2,70,91,Marksman,Crowd Control,Single-Target,Cone Chill Archer,collision First-Hit,
S9,Lissandra,3,90,240,Mage,AOE,Crowd Control,Stun & Amplify Mage,collision Area,
S9,Sejuani,4,120,240,Tank,AOE,Shield,Chill Enabler Tank,collision Area; dmg 240 < 300,
S9,Orianna,1,70,0,Mage,Shield,—,Shield & Empower Support,,
S9,Vi,2,80,180,Tank,AOE,Shield,Shield & Sunder Bruiser,collision Area; dmg 180 < 300,
S9,Ekko,3,45,380,Assassin,Heal,—,Retroactive-Heal Assassin,,
S9,Jayce,3,80,165,Marksman,Utility,AOE,Flank-Buff Gunner,collision Area/First-Hit,
S9,Viego,1,50,165,Assassin,AOE,—,Stacking Melee Assassin,collision Pierce-All,
S9,Maokai,1,N/A,0,Tank,—,—,Mana-Leeching Healing Tank,dmg 0 < 300,
S9,Kalista,3,80,27,Marksman,Crowd Control,Single-Target,Spear-Stacking Executioner,collision Target-Only,
S9,Gwen,4,35,150,Fighter,AOE,—,Dashing Cone Slayer,collision Pierce-All; dmg 150 < 300,
S9,Senna,5,150,162,Marksman,AOE,Shield,Board-Wide Beam Support,collision Pierce-All,
S9,Soraka,2,90,180,Mage,Heal,Single-Target,Star-Fall Healer,collision Target-Only,
S9,Taric,3,65,0,Tank,Utility,Shield,Damage-Redirecting Shield Tank,dmg 0 < 300,
S9,Aphelios,4,100,161,Marksman,AOE,Heal,Chakram-Stacking Moon Carry,collision Area/Target-Only,
S9,Cho'Gath,1,100,0,Tank,—,—,Devouring Execute Tank,dmg 0 < 300,
S9,Malzahar,1,50,330,Mage,Spell Spammer,AOE,Portal-Zone Mage,"mage, max mana 50 <= 60; collision Pierce-All",
S9,Kassadin,2,100,240,Tank,AOE,Shield,Disarming Shield Tank,collision Area; dmg 240 < 300,
S9,Rek'Sai,3,75,444,Fighter,Heal,—,Marking Execute Bruiser,dmg 444 >= 300,
S9,Vel'Koz,3,60,660,Mage,Spell Spammer,AOE,Splitting Plasma Mage,"mage, max mana 60 <= 60; collision First-Hit/Pierce-All",
S9,Kai'Sa,4,120,120,Marksman,Single-Target,—,Missile-Barrage Carry,collision Target-Only,
S9,Bel'Veth,5,70,98,Fighter,Single-Target,On-Hit,Multi-Lash Empress Carry,collision Target-Only; dmg 98 < 300,
S9,Tristana,1,40,72,Marksman,AOE,On-Hit,Explode-on-Hit Gunner,collision Area,
S9,Teemo,2,50,780,Marksman,AOE,—,Wounding Mushroom Mage,collision Area/Target-Only,
S9,Heimerdinger,5,160,225,Marksman,AOE,Crowd Control,Grenade Stun Artillery,collision Area/Target-Only,
S9,Nilah,4,60,172,Marksman,AOE,Shield,Cone-Auto Duelist,collision Area/Pierce-All,
S9,Miss Fortune,3,50,360,Marksman,AOE,Shred,X-Rain Shield-Breaker,collision Area,
S9,Aatrox,5,50,600,Fighter,AOE,Heal,Transformed AOE Slayer,collision Area; dmg 600 >= 300,
S9,Neeko,4,120,450,Tank,AOE,Shield,Leap-Slam Bastion,collision Area; dmg 450 >= 300,
S9,Qiyana,2,100,200,Assassin,AOE,Crowd Control,Elemental Dash-Line Slayer,collision Pierce-All,
S9,Ryze,5,100,0,Mage,Utility,AOE,Barkskin Zone Invoker,collision Area,
S9,Jinx,2,70,98,Marksman,Single-Target,—,Rocket-Barrage Gunner,collision Target-Only,
S9,Warwick,2,90,0,Fighter,AOE,Heal,Lifesteal Frenzy Juggernaut,collision Area; dmg 0 < 300,
S9,Urgot,4,100,225,Fighter,AOE,Shield,Six-Leg Zoner,collision Area; dmg 225 < 300,
S9,Zeri,4,50,29,Marksman,Single-Target,On-Hit,Chain-Lightning Executioner,collision Target-Only,
S9,Silco,4,30,100,Mage,Spell Spammer,AOE,Chem-Zone Sorcerer,"mage, max mana 30 <= 60; collision Area/Target-Only",
S9,Graves,1,80,155,Assassin,AOE,Crowd Control,Smoke-Cloud Chiller,collision Area/Target-Only,
S9,Illaoi,1,70,375,Tank,Heal,—,Soul-Link Tank,dmg 375 >= 300,
S9,Twisted Fate,2,75,510,Mage,AOE,—,Delayed-Burst Mage,collision Area/Target-Only,
S9,Nautilus,3,140,225,Tank,AOE,Crowd Control,Knock-Up Anchor,collision Area; dmg 225 < 300,
S9,Gangplank,5,180,925,Marksman,Utility,AOE,Dreadway Admiral,collision Area/Pierce-All,
S9,Naafiri,2,50,222,Fighter,Heal,Summoner,Packmate Duelist,dmg 222 < 300,
S9,Milio,1,60,740,Mage,Spell Spammer,AOE,Bouncing-Ball Support,"mage, max mana 60 <= 60; collision Area/Target-Only",
S9,Mordekaiser,4,80,525,Fighter,Shield,On-Hit,Stat-Stealing Reaper,dmg 525 >= 300,
S9,Fiora,4,120,210,Fighter,Heal,Single-Target,Untargetable Duellist,collision Target-Only; dmg 210 < 300,
S9,Quinn,3,90,333,Marksman,AOE,Shred,Marking Skirmisher,collision Pierce-All,
S9,Xayah,4,100,77,Marksman,AOE,Shred,Feather Volley,collision Pierce-All,
S10,Corki,1,60,144,Marksman,AOE,—,Splash Wound Bomber,collision Area/Target-Only,
S10,Tahm Kench,1,0,0,Tank,—,—,Passive Damage-Reduction Tank,dmg 0 < 300,
S10,Garen,2,90,0,Tank,—,—,Empowered-Attack Bruiser,dmg 0 < 300,
S10,Katarina,2,60,210,Fighter,Single-Target,—,Bouncing-Blade Wound Diver,collision Target-Only; dmg 210 < 300,
S10,Riven,3,100,51,Fighter,AOE,Shield,Shielded Splash Fighter,collision Area; dmg 51 < 300,
S10,Samira,3,100,210,Marksman,Single-Target,—,Style-Stacking Crit Carry,collision Target-Only,
S10,Urgot,3,20,130,Fighter,AOE,Shield,AS→AD Cone Fighter,collision Area; dmg 130 < 300,
S10,Caitlyn,4,90,312,Marksman,Snipe Backline,Single-Target,Furthest-Target Sniper,collision First-Hit,
S10,Thresh,4,160,225,Tank,AOE,Heal,Cluster-Stun Tank,collision Area; dmg 225 < 300,
S10,Nami,1,60,450,Mage,Spell Spammer,Crowd Control,Single-Target Stun Nuke,"mage, max mana 60 <= 60; collision Target-Only",
S10,Taric,1,140,0,Tank,Shield,—,Shielded Empowered-Attack Tank,dmg 0 < 300,
S10,Gragas,2,80,285,Tank,AOE,Heal,Heal-then-Chill Tank,collision Area; dmg 285 < 300,
S10,Jax,2,120,555,Fighter,AOE,—,Leaping Splash Fighter,collision Area; dmg 555 >= 300,
S10,Lux,3,75,375,Mage,Snipe Backline,AOE,Piercing Beam Caster,collision Pierce-All,
S10,Blitzcrank,4,120,300,Tank,Shield,—,Periodic-Zap Shield Tank,dmg 300 >= 300,
S10,Twisted Fate,4,105,75,Mage,Shred,Single-Target,Card-Barrage Shred Carry,collision Target-Only,
S10,Zac,4,120,180,Tank,Heal,Crowd Control,Bouncing Stun Tank,collision Target-Only; dmg 180 < 300,
S10,Zed,4,50,262,Fighter,Summoner,—,Mark-and-Shadow Assassin,dmg 262 < 300,
S10,Annie,1,50,450,Mage,Spell Spammer,—,Cast-Stacking Splash Mage,"mage, max mana 50 <= 60",
S10,Amumu,3,45,240,Tank,AOE,Crowd Control,Armor-Stacking Stun Guardian,collision Area; dmg 240 < 300,
S10,Vex,3,75,380,Mage,AOE,Crowd Control,Shadow Stun Executioner,collision Area/Target-Only,
S10,Poppy,4,100,312,Tank,Heal,—,Bonus-HP Hammer Mosher,dmg 312 >= 300,
S10,K'Sante,1,40,500,Tank,—,—,Stance Damage-Reduction Sentinel,dmg 500 >= 300,
S10,Aphelios,2,135,454,Marksman,AOE,Crowd Control,Stun-Splash Rapidfire,collision Area,
S10,Sett,3,90,630,Tank,AOE,Shield,Missing-HP Shield Bruiser,collision Area; dmg 630 >= 300,
S10,Yone,3,70,136,Fighter,AOE,Heal,Twin-Slash Omnivamp Edgelord,collision Area; dmg 136 < 300,
S10,Ezreal,4,40,610,Marksman,AOE,—,Blink-Line Big Shot,collision Area,
S10,Kayn,5,50,1200,Fighter,AOE,Crowd Control,Recasting Chill Reaper,collision Area; dmg 1200 >= 300,
S10,Lulu,3,40,825,Mage,Spell Spammer,AOE,Two-Hit Bolt Spellweaver,"mage, max mana 40 <= 60; collision Pierce-All",
S10,Ziggs,5,75,675,Mage,Shred,Single-Target,Splitting Bomb Dazzler,collision Target-Only,
S10,Illaoi,5,150,150,Tank,AOE,Heal,Tentacle-Slamming Bruiser,collision Area; dmg 150 < 300,
S10,Evelynn,1,90,300,Fighter,Heal,On-Hit,Decaying-Haste Reaper,dmg 300 >= 300,
S10,Lillia,1,130,270,Tank,AOE,Heal,Splash-Heal Sentinel,collision Area; dmg 270 < 300,
S10,Bard,2,60,300,Mage,Spell Spammer,Utility,Random-Note Dazzler,"mage, max mana 60 <= 60",
S10,Kai'Sa,2,30,220,Marksman,Single-Target,—,Dash-and-Missile Big Shot,collision First-Hit,
S10,Seraphine,2,60,210,Mage,Spell Spammer,AOE,Clump-Note Spellweaver,"mage, max mana 60 <= 60; collision Area",
S10,Miss Fortune,3,60,253,Marksman,Single-Target,—,Two-Target Big Shot,collision Target-Only,
S10,Neeko,3,90,0,Tank,AOE,Shield,Cosplay Shield Guardian,collision Area; dmg 0 < 300,
S10,Ahri,4,30,1130,Mage,Spell Spammer,Crowd Control,Kiss-Memory Spellweaver,"mage, max mana 30 <= 60; collision Target-Only",
S10,Lucian,5,125,69,Marksman,Snipe Backline,AOE,Fourteen-Shot Rapidfire,collision Area/First-Hit,
S10,Akali (K/DA),4,60,253,Assassin,AOE,—,Mark-and-Dash Executioner,collision Pierce-All/Target-Only,
S10,Akali (True Damage),4,60,253,Assassin,AOE,—,Mark-and-Dash Executioner,collision Pierce-All/Target-Only,
S10,Jinx,1,50,22,Marksman,On-Hit,—,Weapon-Swapping Rapidfire,,
S10,Vi,1,70,429,Fighter,Crowd Control,Shred,Armor-Shredding Mosher,dmg 429 >= 300,
S10,Pantheon,2,60,110,Tank,—,—,Retaliation Guardian,dmg 110 < 300,
S10,Twitch,2,70,162,Marksman,AOE,—,Shard-Bottle Executioner,collision Area/Target-Only,
S10,Olaf,1,0,0,Fighter,Heal,On-Hit,Missing-Health Bruiser,dmg 0 < 300,
S10,Gnar,2,70,184,Fighter,—,—,Transforming Mosher,dmg 184 < 300,
S10,Kayle,2,30,415,Mage,Spell Spammer,AOE,Wave-Attack Edgelord,"mage, max mana 30 <= 60; collision Area/Pierce-All",
S10,Mordekaiser,3,120,660,Tank,AOE,Shield,Shielded Zone Sentinel,collision Area; dmg 660 >= 300,
S10,Karthus,4,120,405,Mage,—,—,Crit-Scaling Executioner,,
S10,Viego,4,120,176,Fighter,AOE,Shred,Mark-Amplifying Edgelord,collision Area; dmg 176 < 300,
S10,Yorick,5,110,352,Fighter,Summoner,Shred,Ghoul-Horde Mosher,collision Target-Only; dmg 352 >= 300,
S10,Kennen,1,90,215,Tank,Crowd Control,—,Random-Jolt Guardian,dmg 215 < 300,
S10,Yasuo,1,50,140,Fighter,—,—,Kill-Stacking Edgelord,dmg 140 < 300,
S10,Senna,2,90,155,Mage,AOE,—,Pulsing-Blast Rapidfire,collision Area,
S10,Ekko,3,125,90,Tank,AOE,Shield,Stun-and-Shield Sentinel,collision Area; dmg 90 < 300,
S10,Jhin,5,50,42,Marksman,Summoner,Single-Target,Bench-Rifle Maestro,collision Target-Only,
S10,Qiyana,5,40,562,Fighter,Utility,—,Item-Stealing Crowd Diver,dmg 562 >= 300,
S10,Sona,5,170,0,Mage,Shield,Heal,Ally-Beat Spellweaver,collision Target-Only,
,,,,,,,,,,
How to read this tab,,,,,,,,,,
"THIS TAB IS TEMPORARY. It is a review surface for the proposed 'Hero archetype' column, not a vocabulary the Hero tabs validate against. Once the tags below are signed off they move into new 'Archetype 1' / 'Archetype 2' columns on 'Hero set 9' and 'Hero set 10', a 'Hero Archetype Types' tab is created so VALIDATE enforces them, and this tab is deleted.",,,,,,,,,,
"TWO COLUMNS, NOT ONE, because a champion can be two things at once (Galio is an AOE Tank AND a Heal Tank). That follows the precedent already on the identity block beside it: Origin 1/Origin 2 and Class 1/Class 2. One value per cell keeps VALIDATE working unchanged.",,,,,,,,,,
"A TAG IS 'PATTERN + FUNCTION'. The FUNCTION noun (Tank, Mage, Bruiser, Assassin, Marksman, Fighter, Juggernaut, Support) comes from the champion's CLASS trait — all 27 classes across both sets collapse onto those eight, which is what lets ONE vocabulary span Set 9 and Set 10. Role overrides Class for front-liners: Galio is a Sorcerer-class TANK, and calling him an AOE Mage loses the only thing that decides where he is placed.",,,,,,,,,,
"AOE vs SINGLE-TARGET IS READ OFF 'Collision', not kept by hand. Collision is already defined on its own tab as the set of units an action physically touches, so AOE = Area / Pierce-All / Flank-Pair and Single-Target = Target-Only / First-Hit. This is why Sona counts as AOE: her Pierce Projectile is Pierce-All, 'EVERY unit along the path'. It stays correct when a new action is added, because the new action must declare a Collision anyway.",,,,,,,,,,
"SPELL SPAMMER = MAGE AND MAX MANA <= 60 (the user's rule, round 11). Note MAX mana, NOT max-minus-starting. An earlier pass used effective mana and got two champions wrong: Karma (eff 50 but max 50, so she DOES qualify) and Sona (eff 45 but max 80, so she does NOT — which is correct, he called her an AOE mage, never a spammer). Do not 'simplify' this back to effective mana.",,,,,,,,,,
"NO FORMULA REPRODUCES THE SPAMMER LABELS ON ITS OWN. The five champions whose Summary already said 'Spammer' rank 11th, 12th, 24th, 50th and 58th of 133 on casts-per-second (AS x 10 / mana), so the <=60 line is a STATED rule, not a discovered one. VALIDATE will enforce the tag's spelling; it can never enforce that an assignment is right. That part stays a human call.",,,,,,,,,,
"THE VOCABULARY IS CAPPED. A pattern+function tag covering fewer than 5 champions collapses into the next tag that champion earns — otherwise the cross-product explodes to 54 tags for 135 champions, 14 of them covering exactly one champion, which is a second Summary rather than an archetype. Two exemptions: 'Spell Spammer' survives at any count (the user called it important), and tags the user NAMED HIMSELF outrank the threshold ('AOE Juggernaut' covers only four).",,,,,,,,,,
"OPEN QUESTION — SAMIRA. Her Summary says 'Single-Target Shred Spammer' and her max mana is 30, the lowest on either tab, but she is an AD carry and the rule says MAGE, so she gets no spammer tag. Sona is the same shape: Summary still says 'Spell Spammer', archetype now says AOE Mage. Either both Summaries get edited to stop claiming it, or the rule widens from 'mage' to 'any caster'.",,,,,,,,,,
"NAAFIRI: this sheet spelled her 'Naafari'. Source and Riot both spell her 'Naafiri'. Nothing depended on it until mana had to be joined from the source sheet, at which point she silently dropped out. Fixed on 'Hero set 9' in this same round.",,,,,,,,,,
"MAOKAI has no mana in source at all ('N/A') — he is the mana-leech champion, so he can never qualify as a spammer. That is data, not a gap.",,,,,,,,,,
,,,,,,,,,,
"ROLES — Tank 39, Marksman 32, Mage 29, Fighter 26, Assassin 9",,,,,,,,,,
,,,,,,,,,,
ARCHETYPE PATTERNS — 11 over 135 champions (16 spammers),,,,,,,,,,
76 x  AOE,,,,,,,,,,
31 x  Crowd Control,,,,,,,,,,
28 x  Single-Target,,,,,,,,,,
26 x  Heal,,,,,,,,,,
22 x  Shield,,,,,,,,,,
20 x  Shred,,,,,,,,,,
18 x  On-Hit,,,,,,,,,,
16 x  Spell Spammer,,,,,,,,,,
8 x  Summoner,,,,,,,,,,
7 x  Utility,,,,,,,,,,
4 x  Snipe Backline,,,,,,,,,,
