Champion,Cost,Role,Damage Type,Origin 1,Origin 2,Class 1,Class 2,Range,Summary,Skill Description,Step,Skill Type,Trigger (When),Condition (Only if),Action Source,Legacy action,Aim Target,Offset,AOE (hex),Skill Range,Count,Volley Shape,Fire Timing,Cast (s),Effect Recipient,Effect Category,Effect Detail,Amount,Scaling Type,Scaling,Effect Cadence,Effect Duration (s)
Corki,1 Gold,Marksman,AD,8-bit,,Big Shot,,5,Splash Wound Bomber,"Deal 300/300/300% Attack Damage physical damage to the current target and adjacent enemies, then Wound them for 5/5/5 seconds. Wound: Reduce healing received by 33%.",1,Active,On Cast,—,Self,Homing Projectile,Current,default,default,5,1,—,—,—,—,—,—,—,—,—,—,—
,,,,,,,,,,,2,Active,On Projectile Hit,—,Step 1 Projectile,Circle AOE,Hex That Projectile Hit,centred,Circle 1 hex,5,1,—,—,—,Enemies in area,Attack,Damage,300% AD,—,—,Once,—
,,,,,,,,,,,,,,,,,,,,,,,,,Enemies in area,Status,Wound,—,—,—,Once,5
Tahm Kench,1 Gold,Tank,AP,Country,,Bruiser,,1,Passive Damage-Reduction Tank,Passive: Reduce each instance of incoming damage by 12/15/25% Ability Power.,0.1,Passive,Game Start,—,Self,Cast,Self,—,—,1,1,—,—,—,Same to Aim Target,Buff,Damage Reduction,12/15/25% AP,—,—,Once,Permanent
Garen,2 Gold,Tank,AD,8-bit,,Sentinel,,1,Empowered-Attack Bruiser,Gain 10% of Garen's max Health as bonus max Health. Garen's next attack deals 180% Attack Damage plus 10% of Garen's max Health as physical damage.,1,Active,On Cast,—,Self,Cast,Self,—,—,1,1,—,—,—,Same to Aim Target,Buff,Bonus HP,10% max HP,—,—,Once,—
,,,,,,,,,,,,,,,,,,,,,,,,,Same to Aim Target,Buff,Empowered Attack,180% AD,Derived,+10% max HP,Once,—
Katarina,2 Gold,Fighter,AP,Country,,Crowd Diver,,2,Bouncing-Blade Wound Diver,"Throw a blade at the current target that bounces 3/3/3 times, dealing 140/210/315% Ability Power magic damage and applying Wound for 6/6/6 seconds. Wound: Reduce healing received by 33%.",1,Active,On Cast,—,Self,Bounce Homing Projectile,Current,default,default,2,3,—,Consecutive,—,Same to Aim Target,Attack,Damage,140/210/315% AP,—,—,Once,—
,,,,,,,,,,,,,,,,,,,,,,,,,Same to Aim Target,Status,Wound,—,—,—,Once,6
Riven,3 Gold,Fighter,AD,8-bit,,Edgelord,,1,Shielded Splash Fighter,"For the next 6 seconds, gain a 250% Attack Damage plus 100/120/140% Ability Power Shield and attacks deal 85% Attack Damage bonus physical damage to her target and enemies within 1 hex of the target.",1,Active,On Cast,—,Self,Cast,Self,—,—,1,1,—,—,—,Same to Aim Target,Buff,Shield,250% AD + 100/120/140% AP,—,—,Once,6
,,,,,,,,,,,,,,,,,,,,,,,,,Same to Aim Target,Status,Empowered,—,—,—,Once,6
,,,,,,,,,,,0.1,Passive,On Attack,If Empowered,Self,Circle AOE,Current,centred,Circle 1 hex,1,1,—,—,—,Enemies in area,Attack,Damage,85% AD,—,—,Once,—
Samira,3 Gold,Marksman,AD,Country,,Executioner,,4,Style-Stacking Crit Carry,"Passive: Attacks that critically strike grant a stack of Style, up to 6 stacks. Each stack grants 20% Ability Power Attack Speed. Active: Deal 240/240/250% Attack Damage physical damage to the current target, then another 110% Attack Damage physical damage per Style stack. Afterwards, reset Style.",0.1,Passive,On Attack,If Critical Strike,Self,Cast,Self,—,—,4,1,—,—,—,Same to Aim Target,Buff,Style,+1 stack,Cap,max 6 stacks,Once,Permanent
,,,,,,,,,,,0.2,Passive,Game Start,—,Self,Cast,Self,—,—,4,1,—,—,—,Same to Aim Target,Buff,Attack Speed,20% AP,Per Stack,per Style stack,Once,Permanent
,,,,,,,,,,,1,Active,On Cast,—,Self,Homing Projectile,Current,default,default,4,1,—,—,—,Same to Aim Target,Attack,Damage,240/240/250% AD,—,—,Once,—
,,,,,,,,,,,,,,,,,,,,,,,,,Same to Aim Target,Attack,Damage,110% AD,Per Stack,per Style stack,Once,—
,,,,,,,,,,,2,Active,After Step 1,—,Self,Cast,Self,—,—,4,1,—,—,—,Same to Aim Target,Buff,Style,reset to 0,—,—,Once,—
Urgot,3 Gold,Fighter,AD,Country,,Mosher,,2,AS→AD Cone Fighter,"For 8 seconds, convert bonus Attack Speed to Attack Damage. Attacks deal 175/175/180% Attack Damage plus 15/25/40% Ability Power physical damage in a cone and grant Urgot 20% of the damage dealt as a 5 second Shield. If Urgot only hits one target, deal 50% bonus damage.",1,Active,On Cast,—,Self,Cast,Self,—,—,2,1,—,—,—,Same to Aim Target,Debuff,Attack Speed,convert bonus AS,—,—,Once,8
,,,,,,,,,,,,,,,,,,,,,,,,,Same to Aim Target,Buff,AD,= converted bonus AS,Derived,+bonus AS converted,Once,8
,,,,,,,,,,,,,,,,,,,,,,,,,Same to Aim Target,Status,Empowered,—,—,—,Once,8
,,,,,,,,,,,0.1,Passive,On Attack,If Empowered,Self,Cone AOE,Current,default,Cone 1 hex,2,1,—,—,—,Enemies in area,Attack,Damage,175/175/180% AD + 15/25/40% AP,Conditional Bonus,+50% if only 1 target hit,Once,—
,,,,,,,,,,,,,,,,,,,,,,,,,Self,Buff,Shield,20% of damage dealt,Derived,+20% damage dealt,Once,5
Caitlyn,4 Gold,Marksman,AD,8-bit,,Rapidfire,,5,Furthest-Target Sniper,Fire shots at the 4 furthest enemies. Shots deal 360/360/750% Attack Damage plus 40/60/200% Ability Power physical damage to the first enemy they hit.,1,Active,On Cast,—,Self,First hit Projectile,4 furthest enemies,default,default,5,4,—,Consecutive,—,First hit enemy,Attack,Damage,360/360/750% AD + 40/60/200% AP,—,—,Once,—
Thresh,4 Gold,Tank,AP,Country,,Guardian,,1,Cluster-Stun Tank,Stun the largest group of nearby enemies for 1.75/2/8 seconds and deal 150/225/1200% Ability Power magic damage to each. Thresh heals for 250/300/600 + 50/50/50% of the total damage dealt.,1,Active,On Cast,—,Self,Circle AOE,Clustered,centred,Circle 2 hex,1,1,—,—,—,Enemies in area,Attack,Damage,150/225/1200% AP,—,—,Once,—
,,,,,,,,,,,,,,,,,,,,,,,,,Enemies in area,Status,Stun,—,—,—,Once,1.75/2/8
,,,,,,,,,,,,,,,,,,,,,,,,,Self,Buff,Heal,250/300/600,Derived,+50% of total damage dealt,Once,—
Nami,1 Gold,Mage,AP,Disco,,Dazzler,,4,Single-Target Stun Nuke,Deal 300/450/675% Ability Power magic damage to the current target and Stun them for 1.25/1.25/1.25 seconds.,1,Active,On Cast,—,Self,Homing Projectile,Current,default,default,4,1,—,—,—,Same to Aim Target,Attack,Damage,300/450/675% AP,—,—,Once,—
,,,,,,,,,,,,,,,,,,,,,,,,,Same to Aim Target,Status,Stun,—,—,—,Once,1.25
Taric,1 Gold,Tank,AP,Disco,,Guardian,,1,Shielded Empowered-Attack Tank,Gain a 240/290/330 plus 6% of Taric's max Health Shield for 4 seconds. Taric's next 2 attacks deal 250/375/565% Ability Power bonus magic damage.,1,Active,On Cast,—,Self,Cast,Self,—,—,1,1,—,—,—,Same to Aim Target,Buff,Shield,240/290/330,Derived,+6% max HP,Once,4
,,,,,,,,,,,,,,,,,,,,,,,,,Same to Aim Target,Buff,Empowered Attack,250/375/565% AP,—,—,Once,2 attacks
Gragas,2 Gold,Tank,AP,Disco,,Spellweaver,Bruiser,1,Heal-then-Chill Tank,"Heal 500/575/650 Health over 2/2/2 seconds. Then, deal 190/285/440% Ability Power magic damage to adjacent enemies and Chill them for 3/3/3 seconds. Chill: Reduce Attack Speed by 30%.",1,Active,On Cast,—,Self,Cast,Self,—,—,1,1,—,—,—,Same to Aim Target,Buff,Heal,500/575/650,—,—,Every 0.5s,2
,,,,,,,,,,,2,Active,After Step 1,—,Self,Circle AOE,Current,centred,Circle 1 hex,1,1,—,—,—,Enemies in area,Attack,Damage,190/285/440% AP,—,—,Once,—
,,,,,,,,,,,,,,,,,,,,,,,,,Enemies in area,Status,Chill,—,—,—,Once,3
Jax,2 Gold,Fighter,AP,EDM,,Mosher,,1,Leaping Splash Fighter,"Leap at the highest Health enemy within 2/2/2 hexes and deal 230/345/520% Ability Power magic damage to them. Then, deal 140/210/315% Ability Power magic damage to all adjacent enemies. Gain 10/10/10% Attack Damage and Ability Power for the rest of combat.",1,Active,On Cast,—,Self,Move,Highest HP,—,—,2,1,—,—,—,Self,Movement,(reposition),—,—,—,Once,—
,,,,,,,,,,,2,Active,After Step 1,—,Self,Cast,Highest HP,—,—,2,1,—,—,—,Same to Aim Target,Attack,Damage,230/345/520% AP,—,—,Once,—
,,,,,,,,,,,,,,,,,,,,,,,,,Self,Buff,AD,10%,—,—,Once,Permanent
,,,,,,,,,,,,,,,,,,,,,,,,,Self,Buff,AP,10%,—,—,Once,Permanent
,,,,,,,,,,,3,Active,After Step 2,—,Self,Circle AOE,Self,centred,Circle 1 hex,1,1,—,—,—,Enemies in area,Attack,Damage,140/210/315% AP,—,—,Once,—
Lux,3 Gold,Mage,AP,EDM,,Dazzler,,5,Piercing Beam Caster,"Fire a beam at the farthest enemy, dealing 250/375/550% Ability Power magic damage to all enemies it hits.",1,Active,On Cast,—,Self,Laser Shot,Farthest,default,unknown,5,1,—,—,—,Enemies in path,Attack,Damage,250/375/550% AP,—,—,Once,—
Blitzcrank,4 Gold,Tank,AP,Disco,,Sentinel,,1,Periodic-Zap Shield Tank,"Passive: Deal 100/150/1000% Ability Power magic damage to a nearby enemy every 2/2/2 seconds. Active: Gain a 600/750/2000% Ability Power Shield. For 5/5/5 seconds, Blitzcrank's Passive deals damage every second and deals an additional 1/1/1% of the target's max Health as magic damage.",0.1,Passive,Game Start,If not Empowered,Self,Cast,Nearest enemy,—,—,1,1,—,—,—,Same to Aim Target,Attack,Damage,100/150/1000% AP,—,—,Every 2s,Permanent
,,,,,,,,,,,,,,If Empowered,,,,,,,,,,,Same to Aim Target,Attack,Damage,100/150/1000% AP,—,—,Every 1s,5
,,,,,,,,,,,,,,,,,,,,,,,,,Same to Aim Target,Attack,Damage,1% max HP,Derived,+1% target max HP,Every 1s,5
,,,,,,,,,,,1,Active,On Cast,—,Self,Cast,Self,—,—,1,1,—,—,—,Same to Aim Target,Buff,Shield,600/750/2000% AP,—,—,Once,—
,,,,,,,,,,,,,,,,,,,,,,,,,Same to Aim Target,Status,Empowered,—,—,—,Once,5
Twisted Fate,4 Gold,Mage,AP,Disco,,Dazzler,,5,Card-Barrage Shred Carry,Throw 21 cards (scales with Attack Speed) divided between the current target and 3 nearest enemies. They reduce Magic Resist by 1 and deal 50/75/225% Ability Power magic damage.,1,Active,On Cast,—,Self,Homing Projectile,Current + 3 nearest,default,default,5,21 (AS-scaled),—,Consecutive,—,Same to Aim Target,Attack,Damage,50/75/225% AP,—,—,Once,—
,,,,,,,,,,,,,,,,,,,,,,,,,Same to Aim Target,Debuff,MR,1,—,—,Once,—
Zac,4 Gold,Tank,AP,EDM,,Bruiser,,1,Bouncing Stun Tank,"Bounce 3/3/3 times on nearby enemies. Each bounce deals 120/180/1200% Ability Power magic damage, Stuns for 1/1/1 second, and heals Zac for 120/160/800% Ability Power Health.",1,Active,On Cast,—,Self,Bounce Charge,Nearest enemy,default,default,1,3,—,Consecutive,—,Same to Aim Target,Attack,Damage,120/180/1200% AP,—,—,Once,—
,,,,,,,,,,,,,,,,,,,,,,,,,Same to Aim Target,Status,Stun,—,—,—,Once,1
,,,,,,,,,,,,,,,,,,,,,,,,,Self,Buff,Heal,120/160/800% AP,—,—,Once,—
Zed,4 Gold,Fighter,AD,EDM,,Crowd Diver,,1,Mark-and-Shadow Assassin,"Mark the current target and spawn an untargetable Shadow with 185/185/370% Attack Damage for 4/4/4 seconds. After a brief delay or when the marked enemy falls below 15% health, deal an additional 350/350/700% Attack Damage physical damage.",1,Active,On Cast,—,Self,Cast,Current,—,—,1,1,—,—,—,Same to Aim Target,Status,Mark,—,—,—,Once,—
,,,,,,,,,,,2,Active,After Step 1,—,Self,Hero Summon,Current,—,—,1,1,—,—,—,—,Summon,(summon),185/185/370% AD,—,—,Once,4
,,,,,,,,,,,3,Active,After Step 2,After delay or Target < 15% HP,Self,Cast,Current,—,—,1,1,—,—,—,Same to Aim Target,Attack,Damage,350/350/700% AD,—,—,Once,—
Annie,1 Gold,Mage,AP,Emo,,Spellweaver,,5,Cast-Stacking Splash Mage,"Passive: After 4/4/4 casts, gain 40/40/40% Attack Speed and casts deal 80/120/180% Ability Power magic damage to another nearby enemy. Active: Deal 220/330/495% Ability Power magic damage to the current target.",0.1,Passive,On 4th Cast,—,Self,Cast,Self,—,—,5,—,—,—,—,Self,Buff,Attack Speed,40/40/40%,—,—,Once,Permanent
,,,,,,,,,,,,,,,,,,,,,,,,,Self,Status,Empowered,—,—,—,Once,Permanent
,,,,,,,,,,,1,Active,On Cast,—,Self,Cast,Current,—,—,5,—,—,—,—,Same to Aim Target,Attack,Damage,220/330/495% AP,—,—,Once,—
,,,,,,,,,,,2,Active,On Cast,If Empowered,Self,Cast,Nearest enemy,—,—,5,—,—,—,—,Same to Aim Target,Attack,Damage,80/120/180% AP,—,—,Once,—
Amumu,3 Gold,Tank,AP,Emo,,Guardian,,1,Armor-Stacking Stun Guardian,"Passive: When attacked, gain 4/4/4 Armor (stacks up to 25/25/25 times). Active: Deal 80/120/190% Ability Power and 150/175/200% Armor magic damage to adjacent enemies. Every 3rd cast hits enemies within 2 hexes and Stuns them for 1.5/1.5/1.5 seconds.",0.1,Passive,On Attacked,—,Self,Cast,Self,—,—,1,—,—,—,—,Self,Buff,Armor,4/4/4,Stacking,up to 25/25/25 stacks,Once,Permanent
,,,,,,,,,,,1,Active,On Cast,If not 3rd Cast,Self,Circle AOE,Self,centred,Circle 1 hex,1,1,—,—,—,Enemies in area,Attack,Damage,80/120/190% AP + 150/175/200% Armor,—,—,Once,—
,,,,,,,,,,,,,,If 3rd Cast,,,,,Circle 2 hex,,,,,,Enemies in area,Attack,Damage,80/120/190% AP + 150/175/200% Armor,—,—,Once,—
,,,,,,,,,,,,,,,,,,,,,,,,,Enemies in area,Status,Stun,—,—,—,Once,1.5/1.5/1.5
Vex,3 Gold,Mage,AP,Emo,,Executioner,,4,Shadow Stun Executioner,"Send a shadow to the current target that Stuns enemies within 1 hex for 1.5/1.5/1.5 seconds. Then, it deals 255/380/610% Ability Power magic damage to enemies within 1 hex.",1,Active,On Cast,—,Self,Spawn At Target,Current,default,default,4,1,—,—,—,—,—,—,—,—,—,—,—
,,,,,,,,,,,2,Active,After Step 1,—,Step 1 Spawn,Circle AOE,Step 1 Aim target,centred,Circle 1 hex,4,1,—,—,—,Enemies in area,Status,Stun,—,—,—,Once,1.5/1.5/1.5
,,,,,,,,,,,,,,,,,,,,,,,,,Enemies in area,Attack,Damage,255/380/610% AP,—,—,Once,—
Poppy,4 Gold,Tank,AD,Emo,,Mosher,,1,Bonus-HP Hammer Mosher,"Passive: Gain Attack Damage equal to 3% of bonus Health. Active: Gain 100 Armor and Magic Resistance for 6 seconds. Hammer the nearest enemy 3 times; each deals 260/260/525% Attack Damage physical damage and heals for 5/5/10% of Poppy's max Health, increased by Ability Power. If this kills an enemy, slam an additional time.",0.1,Passive,Game Start,—,Self,Cast,Self,—,—,1,—,—,—,—,Self,Buff,AD,3% bonus HP,Derived,of bonus Health,Once,Permanent
,,,,,,,,,,,1,Active,On Cast,—,Self,Cast,Self,—,—,1,—,—,—,—,Self,Buff,Armor,100,—,—,Once,6
,,,,,,,,,,,,,,,,,,,,,,,,,Self,Buff,MR,100,—,—,Once,6
,,,,,,,,,,,2,Active,After Step 1,—,Self,Cast,Nearest enemy,—,—,1,3,—,Consecutive,—,Same to Aim Target,Attack,Damage,260/260/525% AD,—,—,Once,—
,,,,,,,,,,,,,,,,,,,,,,,,,Self,Buff,Heal,5/5/10% max HP,—,increased by AP,Once,—
,,,,,,,,,,,3,Active,On Kill,—,Self,Cast,Nearest enemy,—,—,1,1,—,—,—,Same to Aim Target,Attack,Damage,260/260/525% AD,—,—,Once,—
,,,,,,,,,,,,,,,,,,,,,,,,,Self,Buff,Heal,5/5/10% max HP,—,increased by AP,Once,—
K'Sante,1 Gold,Tank,AD,Heartsteel,,Sentinel,,1,Stance Damage-Reduction Sentinel,"Enter a defensive stance, reducing damage taken by 20% plus 20/20/25% (Ability Power) for 2.5 seconds. Afterwards, deal 999% Attack Damage physical damage to the current target.",1,Active,On Cast,—,Self,Cast,Self,—,—,1,—,—,—,2.5,Self,Buff,Damage Reduction,20% + 20/20/25% AP,—,—,Once,2.5
,,,,,,,,,,,2,Active,On Cast Expire,—,Self,Cast,Current,—,—,1,—,—,—,—,Same to Aim Target,Attack,Damage,999% AD,—,—,Once,—
Aphelios,2 Gold,Marksman,AD,Heartsteel,,Rapidfire,,4,Stun-Splash Rapidfire,"Deal 725/725/725% Attack Damage physical damage and Stun the current target for 1.5/1.5/2 seconds. Deal 100/100/100% Attack Damage and Ability Power physical damage to enemies within 1 hex. If the original target dies, Stun enemies within 1 hex for 1/1/1 second.",1,Active,On Cast,—,Self,Cast,Current,—,—,4,—,—,—,—,Same to Aim Target,Attack,Damage,725/725/725% AD,—,—,Once,—
,,,,,,,,,,,,,,,,,,,,,,,,,Same to Aim Target,Status,Stun,—,—,—,Once,1.5/1.5/2
,,,,,,,,,,,2,Active,After Step 1,—,Self,Circle AOE,Step 1 Aim target,centred,Circle 1 hex,4,1,—,—,—,Enemies in area,Attack,Damage,100/100/100% AD + AP,—,—,Once,—
,,,,,,,,,,,3,Active,On Kill,If Step 1 Target Died,Self,Circle AOE,Step 1 Aim target,centred,Circle 1 hex,4,1,—,—,—,Enemies in area,Status,Stun,—,—,—,Once,1/1/1
Sett,3 Gold,Tank,AP,Heartsteel,,Bruiser,Mosher,1,Missing-HP Shield Bruiser,"Gain a 375/425/475 Shield for 2/2/2 seconds, increased by 1/1/1 for every 4/4/4 missing Health. Deal 275/420/680% Ability Power magic damage to the current target and 130/210/340% Ability Power magic damage to enemies in a cone around them.",1,Active,On Cast,—,Self,Cast,Self,—,—,1,—,—,—,—,Self,Buff,Shield,375/425/475,Derived,+1/1/1 per 4/4/4 missing Health,Once,2/2/2
,,,,,,,,,,,2,Active,After Step 1,—,Self,Cast,Current,—,—,1,—,—,—,—,Same to Aim Target,Attack,Damage,275/420/680% AP,—,—,Once,—
,,,,,,,,,,,3,Active,After Step 2,—,Self,Cone AOE,Current,default,Cone 2 hex,1,1,—,—,—,Additional enemies in cone,Attack,Damage,130/210/340% AP,—,—,Once,—
Yone,3 Gold,Fighter,AD,Heartsteel,,Edgelord,Crowd Diver,1,Twin-Slash Omnivamp Edgelord,"Gain stacking Move Speed and 8% Ability Power Omnivamp for the rest of combat. Slash twice, dealing 210/210/215% Attack Damage physical damage to enemies in a cone each time. Omnivamp: Heal for percentage of damage dealt.",1,Active,On Cast,—,Self,Cast,Self,—,—,1,—,—,—,—,Self,Buff,Move Speed,(stacking),Stacking,—,Once,Permanent
,,,,,,,,,,,,,,,,,,,,,,,,,Self,Buff,Omnivamp,8% AP,—,—,Once,Permanent
,,,,,,,,,,,2,Active,After Step 1,—,Self,Cone AOE,Current,default,Cone 1 hex,1,2,—,Consecutive,—,Enemies in area,Attack,Damage,210/210/215% AD,—,—,Once,—
Ezreal,4 Gold,Marksman,AD,Heartsteel,,Big Shot,,4,Blink-Line Big Shot,"Blink away from the current target and deal 350/350/700% Attack Damage physical damage to them. Every 3rd cast, deal 350/350/700% Attack Damage plus 80/120/360% Ability Power physical damage to all enemies in a line.",1,Active,On Cast,—,Self,Move,Away from enemies,—,—,4,—,—,—,—,Self,Movement,(reposition),—,—,—,Once,—
,,,,,,,,,,,2,Active,After Step 1,If not 3rd Cast,Self,Cast,Current,—,—,4,—,—,—,—,Same to Aim Target,Attack,Damage,350/350/700% AD,—,—,Once,—
,,,,,,,,,,,,,,If 3rd Cast,,Box AOE,,rear edge,Box 1.5x1.5,,1,,,,Enemies in path,Attack,Damage,350/350/700% AD + 80/120/360% AP,—,—,Once,—
Kayn,5 Gold,Fighter,AP,Heartsteel,Wildcard,Edgelord,,1,Recasting Chill Reaper,"Dash, then deal 400/600/4000% Ability Power magic damage to adjacent enemies and Chill them for 3/3/3 seconds. If Kayn only hits one target, he immediately casts again. Chill: Reduce Attack Speed by 20%.",1,Active,On Cast,—,Self,Move,Current,—,—,1,—,—,—,—,Self,Movement,(reposition),—,—,—,Once,—
,,,,,,,,,,,2,Active,After Step 1,—,Self,Circle AOE,Self,centred,Circle 1 hex,1,1,—,—,—,Enemies in area,Attack,Damage,400/600/4000% AP,—,—,Once,—
,,,,,,,,,,,,,,,,,,,,,,,,,Enemies in area,Status,Chill,−20% Attack Speed,—,—,Once,3/3/3
,,,,,,,,,,,3,Active,After Step 2,If Only 1 Enemy Hit,Self,Circle AOE,Self,centred,Circle 1 hex,1,1,—,—,—,Enemies in area,Attack,Damage,400/600/4000% AP,—,—,Once,—
,,,,,,,,,,,,,,,,,,,,,,,,,Enemies in area,Status,Chill,−20% Attack Speed,—,—,Once,3/3/3
Lulu,3 Gold,Mage,AP,Hyperpop,,Spellweaver,,4,Two-Hit Bolt Spellweaver,"Fire a bolt toward the current target. It deals 250/375/600% Ability Power magic damage to the first enemy it passes through and 150/225/360% Ability Power magic damage to the second. Every 3rd cast, Stun the 3/3/3 nearest enemies for 1.25/1.25/1.25 seconds and deal 150/225/360% Ability Power magic damage instead.",1,Active,On Cast,If not 3rd Cast,Self,Pierce Projectile,Current,default,default,4,1,—,—,—,First hit enemy,Attack,Damage,250/375/600% AP,—,—,Once,—
,,,,,,,,,,,,,,,,,,,,,,,,,Enemies in path (farther),Attack,Damage,150/225/360% AP,—,—,Once,—
,,,,,,,,,,,,,,If 3rd Cast,,Cast,Nearest 3 enemies,—,—,,—,,,,Same to Aim Target,Attack,Damage,150/225/360% AP,—,—,Once,—
,,,,,,,,,,,,,,,,,,,,,,,,,Same to Aim Target,Status,Stun,—,—,—,Once,1.25/1.25/1.25
Ziggs,5 Gold,Mage,AP,Hyperpop,,Dazzler,,4,Splitting Bomb Dazzler,Throw a bomb at the current target that deals 360/540/4000% Ability Power magic damage. It splits into smaller bombs that Shred their target for 4/4/4 seconds and deal 90/135/500% Ability Power magic damage. Each cast increases the number of smaller bombs by 1/1/1. Shred: Reduce Magic Resist by 30%.,1,Active,On Cast,—,Self,Homing Projectile,Current,default,default,4,1,—,—,—,Same to Aim Target,Attack,Damage,360/540/4000% AP,—,—,Once,—
,,,,,,,,,,,2,Active,On Projectile Hit,—,Step 1 Projectile,Homing Projectile,Nearest enemies (one each),default,default,4,5,—,At Once,—,Same to Aim Target,Attack,Damage,90/135/500% AP,Stacking,+1/1/1 smaller bomb per cast,Once,—
,,,,,,,,,,,,,,,,,,,,,,,,,Same to Aim Target,Debuff,MR,30%,—,—,Once,4/4/4
Illaoi,5 Gold,Tank,AP,ILLBEATS,,Bruiser,,1,Tentacle-Slamming Bruiser,"Passive: Every 3/3/3 seconds, Illaoi's tentacles deal 60/60/500% Armor and Magic Resist magic damage to nearby enemies. Active: Gain 100/150/400 Armor and Magic Resist for 3.5 seconds. Revive or fully heal the lowest Health tentacle. Leap at the nearest enemy and deal 100/150/4000% Ability Power magic damage in a large circle 3/3/7 times as tentacles slam in unison.",0.1,Passive,Game Start,—,Self,Static Summon,Self,—,—,1,unknown,—,—,—,—,Summon,(summon),—,—,—,Once,—
,,,,,,,,,,,0.2,Passive,Every 3/3/3 seconds,—,Summon,Box AOE,Self,rear edge,Box 1x2,1,1,—,—,—,Enemies in area,Attack,Damage,60/60/500% Armor + MR,—,—,Once,—
,,,,,,,,,,,1,Active,On Cast,—,Self,Cast,Self,—,—,1,—,—,—,—,Self,Buff,Armor,100/150/400,—,—,Once,3.5
,,,,,,,,,,,,,,,,,,,,,,,,,Self,Buff,MR,100/150/400,—,—,Once,3.5
,,,,,,,,,,,2,Active,After Step 1,If lowest-HP tentacle,Self,Cast,Summon,—,—,1,—,—,—,—,Same to Aim Target,Buff,Heal,100%,—,"revive if dead, else full heal",Once,—
,,,,,,,,,,,3,Active,After Step 2,—,Self,Move,Nearest enemy,—,—,1,—,—,—,—,Self,Movement,(reposition),—,—,—,Once,—
,,,,,,,,,,,4,Active,After Step 3,—,Self,Circle AOE,Self,centred,unknown,1,3/3/7,—,Consecutive,—,Enemies in area,Attack,Damage,100/150/4000% AP,—,—,Once,—
Evelynn,1 Gold,Fighter,AP,K/DA,,Crowd Diver,,1,Decaying-Haste Reaper,"Deal 200/300/450% Ability Power magic damage to the current target. Gain 150/150/150% Attack Speed that decays over 4/4/4 seconds. While active, attacks restore 25/30/35 Health.",1,Active,On Cast,—,Self,Cast,Current,—,—,1,—,—,—,—,Same to Aim Target,Attack,Damage,200/300/450% AP,—,—,Once,—
,,,,,,,,,,,,,,,,,Self,,,,,,,,Self,Buff,Attack Speed,150/150/150%,Decay,decays to 0 over the duration,Once,4/4/4
,,,,,,,,,,,,,,,,,,,,,,,,,Self,Status,Empowered,—,—,—,Once,4/4/4
,,,,,,,,,,,2,Active,On Attack,If Empowered,Self,Bonus on AA,Current,—,—,1,—,—,—,—,Self,Buff,Heal,25/30/35,—,—,Once,—
Lillia,1 Gold,Tank,AP,K/DA,,Superfan,Sentinel,1,Splash-Heal Sentinel,Deal 180/270/400% Ability Power magic damage to adjacent enemies. Heal Lillia for 180/220/260% Ability Power and her nearest ally for 90/110/130% Ability Power.,1,Active,On Cast,—,Self,Circle AOE,Self,centred,Circle 1 hex,1,1,—,—,—,Enemies in area,Attack,Damage,180/270/400% AP,—,—,Once,—
,,,,,,,,,,,,,,,,,,,,,,,,,Self,Buff,Heal,180/220/260% AP,—,—,Once,—
,,,,,,,,,,,2,Active,After Step 1,—,Self,Cast,Nearest ally,—,—,1,—,—,—,—,Same to Aim Target,Buff,Heal,90/110/130% AP,—,—,Once,—
Bard,2 Gold,Mage,AP,Jazz,,Dazzler,,4,Random-Note Dazzler,Play a 4/4/4-note tune at random using 3 possible notes: Doot - Deal 200/300/450% Ability Power magic damage to the current target. Chime - Heal the lowest Health ally for 120/150/180% Ability Power Health. Tip - Drop 1/1/1 gold and play another note. (3/3/3 Gold in Hyper Roll).,1,Active,On Cast,If note is Doot,Self,Cast,Current,—,—,4,4/4/4,—,Consecutive,—,Same to Aim Target,Attack,Damage,200/300/450% AP,—,—,Once,—
,,,,,,,,,,,,,,If note is Chime,,,Lowest-HP Ally,,,,,,,,Same to Aim Target,Buff,Heal,120/150/180% AP,—,—,Once,—
,,,,,,,,,,,,,,If note is Tip,,,Self,,,,,,,,Self,Buff,Gold,1/1/1,Stacking,+1 extra note per Tip (3 Gold in Hyper Roll),Once,—
Kai'Sa,2 Gold,Marksman,AD,K/DA,,Big Shot,,6,Dash-and-Missile Big Shot,Dash up to 2 hexes and fire a missile at the current target. It deals 290/290/300% Attack Damage plus 40/60/90% Ability Power physical damage to the first enemy hit.,1,Active,On Cast,—,Self,Move,Current,—,—,6,—,—,—,—,Self,Movement,(reposition),—,—,up to 2 hexes,Once,—
,,,,,,,,,,,2,Active,After Step 1,—,Self,First hit Projectile,Current,default,default,6,1,—,—,—,First hit enemy,Attack,Damage,290/290/300% AD + 40/60/90% AP,—,—,Once,—
Seraphine,2 Gold,Mage,AP,K/DA,,Spellweaver,,4,Clump-Note Spellweaver,Send a high note to the largest clump of units that hits all units within 1 hex. Enemies take 140/210/315% Ability Power magic damage. Allies heal for 80/120/160% Ability Power Health.,1,Active,On Cast,—,Self,Circle AOE,Clustered,centred,Circle 1 hex,4,1,—,—,—,Enemies in area,Attack,Damage,140/210/315% AP,—,—,Once,—
,,,,,,,,,,,,,,,,,,,,,,,,,Allies in area,Buff,Heal,80/120/160% AP,—,—,Once,—
Miss Fortune,3 Gold,Marksman,AD,Jazz,,Big Shot,,5,Two-Target Big Shot,"Deal 280/280/290% Attack Damage physical damage to the current target and 180/180/180% Attack Damage physical damage to the closest enemy behind them. If either die, gain 40/40/40% Ability Power Attack Speed for 4/4/4 seconds.",1,Active,On Cast,—,Self,Homing Projectile,Current,default,default,5,1,—,—,—,Same to Aim Target,Attack,Damage,280/280/290% AD,—,—,Once,—
,,,,,,,,,,,2,Active,After Step 1,—,Self,Homing Projectile,Closest enemy behind Step 1 Aim target,default,default,5,1,—,—,—,Same to Aim Target,Attack,Damage,180/180/180% AD,—,—,Once,—
,,,,,,,,,,,3,Active,On Kill,—,Self,Cast,Self,—,—,5,—,—,—,—,Self,Buff,Attack Speed,40/40/40% AP,—,—,Once,4/4/4
Neeko,3 Gold,Tank,AP,K/DA,,Superfan,Guardian,1,Cosplay Shield Guardian,"Cosplay the highest Health ally and gain a 250/300/350% Ability Power Shield + 6/6/6% of the ally's Health for 4/4/4 seconds. When it breaks, deal 70/90/115% of its initial value as magic damage to adjacent enemies.",1,Active,On Cast,—,Self,Cast,Highest-HP Ally,—,—,1,—,—,—,—,Self,Buff,Shield,250/300/350% AP + 6/6/6% of the ally's HP,Derived,part of the shield scales off the cosplayed ally's Health,Once,4/4/4
,,,,,,,,,,,2,Active,On Shield Expire,—,Self,Circle AOE,Self,centred,Circle 1 hex,1,1,—,—,—,Enemies in area,Attack,Damage,70/90/115% of the shield's initial value,Derived,of the Step 1 shield's initial value,Once,—
Ahri,4 Gold,Mage,AP,K/DA,,Spellweaver,,5,Kiss-Memory Spellweaver,"Blow a kiss at the current target. It deals 275/410/820% Ability Power magic damage and briefly Stuns them. If the target has been kissed before, deal 480/720/1440% Ability Power magic damage instead.",1,Active,On Cast,If Target Not Kissed,Self,Homing Projectile,Current,default,default,5,1,—,—,—,Same to Aim Target,Attack,Damage,275/410/820% AP,—,—,Once,—
,,,,,,,,,,,,,,,,,,,,,,,,,Same to Aim Target,Status,Mark,—,—,kissed,Once,Permanent
,,,,,,,,,,,,,,,,,,,,,,,,,Same to Aim Target,Status,Stun,—,—,—,Once,unknown
,,,,,,,,,,,,,,If Target Kissed,,,,,,,,,,,Same to Aim Target,Attack,Damage,480/720/1440% AP,—,—,Once,—
,,,,,,,,,,,,,,,,,,,,,,,,,Same to Aim Target,Status,Stun,—,—,—,Once,unknown
Lucian,5 Gold,Marksman,AD,Jazz,,Rapidfire,,5,Fourteen-Shot Rapidfire,"Fire 14 shots toward the furthest enemy. Each shot explodes on the first enemy hit, dealing 60/60/1000% Attack Damage plus 20/30/100% Ability Power physical damage to all nearby enemies and reducing their Armor by 3/5/20 for the rest of combat. If Arpeggio ends early, gain Mana based on the number of unused shots.",1,Active,On Cast,—,Self,First hit Projectile,Farthest,default,default,5,14,—,Consecutive,—,—,—,—,—,—,—,—,—
,,,,,,,,,,,2,Active,On Projectile Hit,—,Step 1 Projectile,Circle AOE,Hex That Projectile Hit,centred,Circle 1 hex,5,1,—,—,—,Enemies in area,Attack,Damage,60/60/1000% AD + 20/30/100% AP,—,—,Once,—
,,,,,,,,,,,,,,,,,,,,,,,,,Enemies in area,Debuff,DEF,3/5/20,—,"Armor, for the rest of combat",Once,Permanent
,,,,,,,,,,,3,Active,On Cast Expire,If Arpeggio ended early,Self,Cast,Self,—,—,5,—,—,—,—,Self,Buff,Mana,unknown,Derived,per unused shot,Once,—
Akali (K/DA),4 Gold,Assassin,AD,K/DA,,Executioner,Breakout,1,Mark-and-Dash Executioner,"Throw a shuriken at the farthest unmarked target, marking them. Dash to every marked enemy, striking them for 190/190/380% Attack Damage physical damage and dealing 80/120/400% Ability Power physical damage to enemies dashed through.",1,Active,On Cast,—,Self,Homing Projectile,Farthest unmarked enemy,default,default,1,1,—,—,—,Same to Aim Target,Status,Mark,—,—,—,Once,Permanent
,,,,,,,,,,,2,Active,After Step 1,—,Self,Charge,Marked enemies,default,default,1,unknown,—,Consecutive,—,Same to Aim Target,Attack,Damage,190/190/380% AD,Stacking,one dash per mark; +1 mark per cast,Once,—
,,,,,,,,,,,,,,,,,,,,,,,,,Enemies in path,Attack,Damage,80/120/400% AP,—,—,Once,—
Akali (True Damage),4 Gold,Assassin,AD,True Damage,,Executioner,Breakout,1,Mark-and-Dash Executioner,"Throw a shuriken at the farthest unmarked target, marking them. Dash to every marked enemy, striking them for 190/190/380% Attack Damage physical damage and dealing 80/120/400% Ability Power physical damage to enemies dashed through.",1,Active,On Cast,—,Self,Homing Projectile,Farthest unmarked enemy,default,default,1,1,—,—,—,Same to Aim Target,Status,Mark,—,—,—,Once,Permanent
,,,,,,,,,,,2,Active,After Step 1,—,Self,Charge,Marked enemies,default,default,1,unknown,—,Consecutive,—,Same to Aim Target,Attack,Damage,190/190/380% AD,Stacking,one dash per mark; +1 mark per cast,Once,—
,,,,,,,,,,,,,,,,,,,,,,,,,Enemies in path,Attack,Damage,80/120/400% AP,—,—,Once,—
Jinx,1 Gold,Marksman,AD,Punk,,Rapidfire,,4,Weapon-Swapping Rapidfire,Passive Minigun: Attacks grant 0.04/0.04/0.04% Ability Power Attack Speed. Passive Rocket Launcher: Attacks deal 50/50/50% Attack Damage bonus physical damage. Active: Swap between Minigun and Rocket Launcher.,0.1,Passive,On Attack,If Minigun,Self,Bonus on AA,Current,—,—,4,—,—,—,—,Self,Buff,Attack Speed,0.04/0.04/0.04% AP,Stacking,—,Once,Permanent
,,,,,,,,,,,0.2,Passive,On Attack,If Rocket Launcher,Self,Bonus on AA,Current,—,—,4,—,—,—,—,Same to Aim Target,Attack,Damage,50/50/50% AD,—,—,Once,—
,,,,,,,,,,,1,Active,On Cast,—,Self,Cast,Self,—,—,4,—,—,—,—,Self,Status,Weapon Stance,—,—,swaps between Minigun and Rocket Launcher,Once,Permanent
Vi,1 Gold,Fighter,AD,Punk,,Mosher,,1,Armor-Shredding Mosher,"Deal 330/330/330% Attack Damage physical damage to the current target, or 450/450/450% Attack Damage if they have more current Health than Vi. Stun them for 1.5/1.75/2 seconds and reduce their Armor by 15/18/20% Ability Power for the rest of combat.",1,Active,On Cast,If Target HP > Self HP,Self,Cast,Current,—,—,1,—,—,—,—,Same to Aim Target,Attack,Damage,450/450/450% AD,—,—,Once,—
,,,,,,,,,,,,,,,,,,,,,,,,,Same to Aim Target,Status,Stun,—,—,—,Once,1.5/1.75/2
,,,,,,,,,,,,,,,,,,,,,,,,,Same to Aim Target,Debuff,DEF,15/18/20% AP,—,"Armor, for the rest of combat",Once,Permanent
,,,,,,,,,,,,,,If Target HP <= Self HP,,,,,,,,,,,Same to Aim Target,Attack,Damage,330/330/330% AD,—,—,Once,—
,,,,,,,,,,,,,,,,,,,,,,,,,Same to Aim Target,Status,Stun,—,—,—,Once,1.5/1.75/2
,,,,,,,,,,,,,,,,,,,,,,,,,Same to Aim Target,Debuff,DEF,15/18/20% AP,—,"Armor, for the rest of combat",Once,Permanent
Pantheon,2 Gold,Tank,AD,Punk,,Guardian,,1,Retaliation Guardian,"Reduce damage taken by 20% plus 25/25/30% (Ability Power) for 2.5 seconds. Afterwards, deal 200% Attack Damage physical damage to the 3 enemies who dealt the most damage to Pantheon during the duration.",1,Active,On Cast,—,Self,Cast,Self,—,—,1,—,—,—,—,Self,Buff,Damage Reduction,20% + 25/25/30% AP,—,—,Once,2.5
,,,,,,,,,,,2,Active,On Cast Expire,—,Self,Cast,3 enemies that damaged Self most,—,—,1,3,—,At Once,—,Same to Aim Target,Attack,Damage,200% AD,—,—,Once,—
Twitch,2 Gold,Marksman,AD,Punk,,Executioner,,4,Shard-Bottle Executioner,"Throw a bottle at the current target, which deals 250/250/250% Attack Damage physical damage to enemies within 1 hex. It explodes into 4/4/4 shards; each dealing 35/50/80% Ability Power magic damage to a random enemy within 2 hexes. Each enemy critically struck by the bottle creates 1/1/1 more shard.",1,Active,On Cast,—,Self,Homing Projectile,Current,default,default,4,1,—,—,—,—,—,—,—,—,—,—,—
,,,,,,,,,,,2,Active,On Projectile Hit,—,Step 1 Projectile,Circle AOE,Hex That Projectile Hit,centred,Circle 1 hex,4,1,—,—,—,Enemies in area,Attack,Damage,250/250/250% AD,—,—,Once,—
,,,,,,,,,,,3,Active,After Step 2,—,Step 1 Projectile,Homing Projectile,Random (2 hex of Current),default,default,4,4/4/4,—,At Once,—,Same to Aim Target,Attack,Damage,35/50/80% AP,Stacking,+1/1/1 shard per enemy critically struck by the bottle,Once,—
Olaf,1 Gold,Fighter,AD,Pentakill,,Bruiser,,1,Missing-Health Bruiser,"Passive: Heal 20/25/35% Ability Power Health on attack. For every 1% missing Health, gain bonus Attack Speed that scales with max Health.",0.1,Passive,On Attack,—,Self,Bonus on AA,Current,—,—,1,—,—,—,—,Self,Buff,Heal,20/25/35% AP,—,—,Once,—
,,,,,,,,,,,0.2,Passive,Game Start,—,Self,Cast,Self,—,—,1,—,—,—,—,Self,Buff,Attack Speed,0.15% max HP,Per Stack,per 1% missing Health,Once,Permanent
Gnar,2 Gold,Fighter,AD,Pentakill,,Superfan,Mosher,2,Transforming Mosher,"Leap over the current target and transform into Mega Gnar for the rest of combat, gaining 500/550/600% Ability Power Health and 70/70/70% Attack Damage. Subsequent casts deal 335/335/335% Attack Damage physical damage to the current target.",1,Active,On Cast,If not Transformed,Self,Move Behind,Current,—,—,2,—,—,—,—,Self,Movement,(reposition),—,—,leaps over the current target,Once,—
,,,,,,,,,,,,,,If Transformed,,Cast,,,,,,,,,Same to Aim Target,Attack,Damage,335/335/335% AD,—,—,Once,—
,,,,,,,,,,,2,Active,After Step 1,If not Transformed,Self,Cast,Self,—,—,2,—,—,—,—,Self,Buff,Bonus HP,500/550/600% AP,—,—,Once,Permanent
,,,,,,,,,,,,,,,,,,,,,,,,,Self,Buff,AD,70/70/70%,—,—,Once,Permanent
Kayle,2 Gold,Mage,AP,Pentakill,,Edgelord,,4,Wave-Attack Edgelord,Passive: Attacks deal 35/55/80% Ability Power bonus magic damage in waves at the current target and behind them. Active: Deal 240/360/540% Ability Power magic damage to enemies around the target. Shred enemies hit for 4/4/4 seconds. Shred: Reduce Magic Resist by 30/30/30%.,0.1,Passive,On Attack,—,Self,Pierce Projectile,Current,default,Box 1x2,4,1,—,—,—,Enemies in path,Attack,Damage,35/55/80% AP,—,hits the target and enemies behind them,Once,—
,,,,,,,,,,,1,Active,On Cast,—,Self,Circle AOE,Current,centred,Circle 1 hex,4,1,—,—,—,Enemies in area,Attack,Damage,240/360/540% AP,—,—,Once,—
,,,,,,,,,,,,,,,,,,,,,,,,,Enemies in area,Debuff,MR,30/30/30%,—,Shred,Once,4/4/4
Mordekaiser,3 Gold,Tank,AP,Pentakill,,Sentinel,,1,Shielded Zone Sentinel,"Gain a 500/575/650% Ability Power Shield and deal 220/330/525% Ability Power magic damage to adjacent enemies over 3/3/3 seconds. Afterwards, deal 220/330/525% Ability Power magic damage to nearby enemies. When Face-Melter kills an enemy, gain 4/4/4% Ability Power and Attack Damage, and 4/4/4 Armor and Magic Resist.",0.1,Passive,On Kill,—,Self,Cast,Self,—,—,1,—,—,—,—,Self,Buff,AP,4/4/4%,Stacking,—,Once,Permanent
,,,,,,,,,,,,,,,,,,,,,,,,,Self,Buff,AD,4/4/4%,Stacking,—,Once,Permanent
,,,,,,,,,,,,,,,,,,,,,,,,,Self,Buff,Armor,4/4/4,Stacking,—,Once,Permanent
,,,,,,,,,,,,,,,,,,,,,,,,,Self,Buff,MR,4/4/4,Stacking,—,Once,Permanent
,,,,,,,,,,,1,Active,On Cast,—,Self,Cast,Self,—,—,1,—,—,—,—,Self,Buff,Shield,500/575/650% AP,—,—,Once,—
,,,,,,,,,,,2,Active,On Cast,—,Self,Zone AOE,Self,centred,Circle 1 hex,1,1,—,—,—,Enemies in area,Attack,Damage,220/330/525% AP,Per Tick,total over the duration,Every 1s,3/3/3
,,,,,,,,,,,3,Active,On Cast Expire,—,Self,Circle AOE,Self,centred,Circle 1 hex,1,1,—,—,—,Enemies in area,Attack,Damage,220/330/525% AP,—,—,Once,—
Karthus,4 Gold,Mage,AP,Pentakill,,Executioner,,4,Crit-Scaling Executioner,"Passive: Gain Ability Power based on Critical Strike Chance (scales with Critical Strike Chance). Active: Deal 270/405/900% Ability Power magic damage to the 4/4/6 lowest Health enemies, always critically striking if possible. Gain 40% Ability Power for the rest of combat.",0.1,Passive,Game Start,—,Self,Cast,Self,—,—,4,—,—,—,—,Self,Buff,AP,unknown,Derived,of Critical Strike Chance,Once,Permanent
,,,,,,,,,,,1,Active,On Cast,—,Self,Cast,4/4/6 lowest-HP enemies,—,—,4,4/4/6,—,At Once,—,Same to Aim Target,Attack,Damage,270/405/900% AP,—,—,Once,—
,,,,,,,,,,,,,,,,,,,,,,,,,Self,Buff,Crit Chance,100%,—,always crits if possible,Once,—
,,,,,,,,,,,2,Active,After Step 1,—,Self,Cast,Self,—,—,4,—,—,—,—,Self,Buff,AP,40%,—,—,Once,Permanent
Viego,4 Gold,Fighter,AD,Pentakill,,Edgelord,,1,Mark-Amplifying Edgelord,Slam on a nearby hex. Deal 225/225/450% Attack Damage physical damage to enemies within two hexes and mark them for 5/5/5 seconds. Marked enemies take 10/10/10% increased damage from all sources. Viego's attacks on marked enemies deal 10/10/10% Attack Damage physical damage instead.,0.1,Passive,On Attack,If Target Marked,Self,Bonus on AA,Current,—,—,1,—,—,—,—,Same to Aim Target,Attack,Damage,10/10/10% AD,—,replaces the normal attack damage,Once,—
,,,,,,,,,,,1,Active,On Cast,—,Self,Circle AOE,Current,centred,Circle 2 hex,1,1,—,—,—,Enemies in area,Attack,Damage,225/225/450% AD,—,—,Once,—
,,,,,,,,,,,,,,,,,,,,,,,,,Enemies in area,Status,Mark,—,—,—,Once,5/5/5
,,,,,,,,,,,,,,,,,,,,,,,,,Enemies in area,Debuff,Damage Amplification,10/10/10%,—,from all sources,Once,5/5/5
Yorick,5 Gold,Fighter,AD,Pentakill,,Mosher,Guardian,1,Ghoul-Horde Mosher,Summon 9/10/25 headbanging ghouls that pile towards the center of the board. Each deals 150/150/1000% Attack Damage physical damage over three attacks. Ghouls' damage 20% Sunders for 3 seconds. Every other cast also summons a BIG ghoul with 900/1750/9001% Ability Power Health that deals 250/250/2000% Attack Damage physical damage each attack. Sunder: Reduce Armor by 20%,1,Active,On Cast,—,Self,Charge Summon,Board centre,—,—,1,9/10/25,—,At Once,—,—,Summon,(summon),—,—,headbanging ghouls,Once,—
,,,,,,,,,,,2,Active,After Step 1,—,Step 1 Summon,Summon Attack,Nearest enemy,default,default,1,3,—,Consecutive,—,Same to Aim Target,Attack,Damage,150/150/1000% AD,—,total over three attacks,Once,—
,,,,,,,,,,,,,,,,,,,,,,,,,Same to Aim Target,Debuff,DEF,20%,—,Sunder,Once,3
,,,,,,,,,,,3,Active,On 2nd Cast,—,Self,Hero Summon,Board centre,—,—,1,1,—,—,—,—,Summon,(summon),900/1750/9001% AP HP,—,the BIG ghoul,Once,—
,,,,,,,,,,,4,Active,After Step 3,—,Step 3 Summon,Summon Attack,Nearest enemy,default,default,1,1,—,—,—,Same to Aim Target,Attack,Damage,250/250/2000% AD,—,each attack,Once,—
Kennen,1 Gold,Tank,AP,True Damage,,Superfan,Guardian,2,Random-Jolt Guardian,Discharge 2/2/2 Jolts over 2/2/2 seconds. Each Jolt deals 145/215/325% Ability Power magic damage to a random enemy within range and Stuns them for 0.75/0.75/0.75 seconds.,1,Active,On Cast,—,Self,Cast,Random enemy in range,—,—,2,2/2/2,—,Consecutive,—,Same to Aim Target,Attack,Damage,145/215/325% AP,—,2/2/2 Jolts discharged over 2/2/2 seconds,Once,—
,,,,,,,,,,,,,,,,,,,,,,,,,Same to Aim Target,Status,Stun,—,—,—,Once,0.75/0.75/0.75
Yasuo,1 Gold,Fighter,AD,True Damage,,Edgelord,,1,Kill-Stacking Edgelord,Passive: Yasuo permanently gains 1.5% Attack Damage when he kills an enemy champion (doubled in Hyper Roll). Active: Deal 280% Attack Damage physical damage to the current target.,0.1,Passive,On Kill,—,Self,Cast,Self,—,—,1,—,—,—,—,Self,Buff,AD,1.5%,Stacking,doubled in Hyper Roll,Once,Permanent
,,,,,,,,,,,1,Active,On Cast,—,Self,Cast,Current,—,—,1,—,—,—,—,Same to Aim Target,Attack,Damage,280% AD,—,—,Once,—
Senna,2 Gold,Mage,AP,True Damage,,Rapidfire,,5,Pulsing-Blast Rapidfire,"Fire a blast of sound at the current target's location. It pulses 3/3/3 times, each dealing 105/155/225% Ability Power magic damage to enemies within 1/1/1 hex.",1,Active,On Cast,—,Self,Circle AOE,Current,centred,Circle 1 hex,5,3/3/3,—,Consecutive,—,Enemies in area,Attack,Damage,105/155/225% AP,—,per pulse,Once,—
Ekko,3 Gold,Tank,AP,True Damage,,Spellweaver,Sentinel,1,Stun-and-Shield Sentinel,Deal 60/90/145% Ability Power magic damage to enemies within 2 hexes and Stun them for 1/1/1 seconds. Gain a 400/450/550% Ability Power Health shield for 4/4/4 seconds.,1,Active,On Cast,—,Self,Circle AOE,Self,centred,Circle 2 hex,1,1,—,—,—,Enemies in area,Attack,Damage,60/90/145% AP,—,—,Once,—
,,,,,,,,,,,,,,,,,,,,,,,,,Enemies in area,Status,Stun,—,—,—,Once,1/1/1
,,,,,,,,,,,2,Active,After Step 1,—,Self,Cast,Self,—,—,1,—,—,—,—,Self,Buff,Shield,400/450/550% AP,—,—,Once,4/4/4
Jhin,5 Gold,Marksman,AD,Maestro,,Big Shot,,4,Bench-Rifle Maestro,"Passive: Attacks generate 10/10/10 additional Mana. If your bench has 4/4/4 Grand Finale Rifles, begin conducting instead of attacking. Each Rifle fires at the same rate as the Maestro and deals 60/60/444% Attack Damage physical damage. Every 4th volley deals 200/200/200% damage. Active: Put 1/1/4 Grand Finale Rifle into one of your empty bench slots.",0.1,Passive,On Attack,—,Self,Bonus on AA,Current,—,—,4,—,—,—,—,Self,Buff,Mana,10/10/10,—,—,Once,—
,,,,,,,,,,,0.2,Passive,On Attack,If 4 Rifles on bench,Summon,Summon Attack,Current,default,default,4,4/4/4,—,At Once,—,Same to Aim Target,Attack,Damage,60/60/444% AD,—,each Rifle fires at the Maestro's attack rate; he conducts instead of attacking,Once,—
,,,,,,,,,,,0.3,Passive,On 4th Cast,If 4 Rifles on bench,Summon,Summon Attack,Current,default,default,4,4/4/4,—,At Once,—,Same to Aim Target,Attack,Damage,200/200/200%,Derived,of the Rifle volley damage — every 4th volley,Once,—
,,,,,,,,,,,1,Active,On Cast,—,Self,Static Summon,Bench slot,—,—,4,1/1/4,—,—,—,—,Summon,(summon),—,—,"a Grand Finale Rifle, into an empty bench slot",Once,—
Qiyana,5 Gold,Fighter,AD,True Damage,,Crowd Diver,,1,Item-Stealing Crowd Diver,"Copy 1 of the current target's items and throw them to an ally. Deal 470/470/1000% Attack Damage physical damage and knock them back. If the target had no items, deal 200% Attack Damage plus 60/60/500% Ability Power additional true damage and knock them back to the edge of the board instead.",1,Active,On Cast,If Target Has Items,Self,Cast,Current,—,—,1,—,—,—,—,Same to Aim Target,Attack,Damage,470/470/1000% AD,—,—,Once,—
,,,,,,,,,,,,,,If Target Has No Items,,,,,,,,,,,Same to Aim Target,Attack,Damage,200% AD,—,—,Once,—
,,,,,,,,,,,,,,,,,,,,,,,,,Same to Aim Target,Attack,True Damage,60/60/500% AP,—,—,Once,—
,,,,,,,,,,,2,Active,After Step 1,If Target Has Items,Self,Cast,Nearest ally,—,—,1,—,—,—,—,Same to Aim Target,Buff,Item,1 copied item,—,copied from the enemy Qiyana hit,Once,Permanent
,,,,,,,,,,,3,Active,After Step 1,If Target Has Items,Self,Knock Back,Current,—,—,1,—,—,—,—,Same to Aim Target,Movement,(reposition),—,—,knocked back,Once,—
,,,,,,,,,,,,,,If Target Has No Items,,,,,,,,,,,Same to Aim Target,Movement,(reposition),—,—,knocked back to the edge of the board,Once,—
Sona,5 Gold,Mage,AP,Mixmaster,,Spellweaver,,16,Ally-Beat Spellweaver,"Passive: Attacks instead send a beat to an ally, healing them for 5/8/100% of their maximum Health. Active: Send a beat to all allies and grant them a 350/550/3333% Ability Power Shield for 2/2/30 seconds.",0.1,Passive,On Attack,—,Self,Homing Projectile,Lowest-HP Ally,default,default,16,1,—,—,—,Same to Aim Target,Buff,Heal,5/8/100% of their max HP,—,attacks send a beat to an ally instead of striking an enemy,Once,—
,,,,,,,,,,,1,Active,On Cast,—,Self,Cast,Self,—,—,16,—,—,—,—,All allies,Buff,Shield,350/550/3333% AP,—,—,Once,2/2/30
